tree_id,plant_type,species
113066,Tree,Cupressus macrocarpa :: Monterey Cypress
97434,Tree,Ulmus parvifolia :: Chinese Elm
91166,Tree,Cercis canadensis :: Eastern Redbud
87422,Tree,Lophostemon confertus :: Brisbane Box
87402,Tree,Prunus cerasifera :: Cherry Plum
87401,Tree,Pyrus kawakamii :: Evergreen Pear
87399,Tree,Pyrus kawakamii :: Evergreen Pear
87400,Tree,Pyrus kawakamii :: Evergreen Pear
87425,Tree,Tree(s) ::
87429,Tree,Acer rubrum :: Red Maple
87430,Tree,Acer rubrum :: Red Maple
87431,Tree,Acer rubrum :: Red Maple
87432,Tree,Acer rubrum :: Red Maple
87433,Tree,Acer rubrum :: Red Maple
87423,Tree,Lophostemon confertus :: Brisbane Box
87410,Tree,Lophostemon confertus :: Brisbane Box
85310,Tree,Olea europaea :: Olive Tree
85309,Tree,Olea europaea :: Olive Tree
85214,Tree,Jacaranda mimosifolia :: Jacaranda
85436,Tree,Lophostemon confertus :: Brisbane Box
85249,Tree,Pyrus calleryana 'Aristocrat' :: Aristocrat Callery Pear
85250,Tree,Pyrus calleryana 'Aristocrat' :: Aristocrat Callery Pear
85435,Tree,Platanus x hispanica 'Yarwood' :: Yarwood Sycamore
85433,Tree,Platanus x hispanica 'Yarwood' :: Yarwood Sycamore
85434,Tree,Platanus x hispanica 'Yarwood' :: Yarwood Sycamore
85437,Tree,Platanus x hispanica 'Yarwood' :: Yarwood Sycamore
85439,Tree,Platanus x hispanica 'Yarwood' :: Yarwood Sycamore
85440,Tree,Platanus x hispanica 'Yarwood' :: Yarwood Sycamore
85441,Tree,Platanus x hispanica 'Yarwood' :: Yarwood Sycamore
85442,Tree,Platanus x hispanica 'Yarwood' :: Yarwood Sycamore
85444,Tree,Platanus x hispanica 'Yarwood' :: Yarwood Sycamore
85445,Tree,Platanus x hispanica 'Yarwood' :: Yarwood Sycamore
85446,Tree,Platanus x hispanica 'Yarwood' :: Yarwood Sycamore
85447,Tree,Platanus x hispanica 'Yarwood' :: Yarwood Sycamore
85448,Tree,Platanus x hispanica 'Yarwood' :: Yarwood Sycamore
151902,Tree,Pittosporum undulatum :: Victorian Box
17872,Tree,Magnolia grandiflora 'Saint Mary' :: Saint Mary Magnolia
109669,Tree,Sequoia sempervirens :: Coast Redwood
73079,Tree,Platanus x hispanica :: Sycamore: London Plane
73302,Tree,Platanus x hispanica :: Sycamore: London Plane
74830,Tree,Platanus x hispanica :: Sycamore: London Plane
74968,Tree,Platanus x hispanica :: Sycamore: London Plane
112504,Tree,Pyrus kawakamii :: Evergreen Pear
103514,Tree,Pyrus calleryana :: Ornamental Pear
234571,Tree,Platanus x hispanica :: Sycamore: London Plane
231178,Tree,Lyonothamnus floribundus subsp. asplenifolius :: Santa Cruz Ironwood
231193,Tree,Lyonothamnus floribundus subsp. asplenifolius :: Santa Cruz Ironwood
109656,Tree,Cupressus macrocarpa :: Monterey Cypress
82028,Tree,Lophostemon confertus :: Brisbane Box
72943,Tree,Prunus cerasifera :: Cherry Plum
78382,Tree,Melaleuca ericifolia :: Heath Melaleuca
24782,Tree,Metrosideros excelsa :: New Zealand Xmas Tree
111661,Tree,Prunus serrulata 'Kwanzan' :: Kwanzan Flowering Cherry
109487,Tree,Magnolia grandiflora 'Little Gem' :: Little Gem Magnolia
109486,Landscaping,Magnolia grandiflora 'Little Gem' :: Little Gem Magnolia
109488,Tree,Magnolia grandiflora 'Little Gem' :: Little Gem Magnolia
74680,Tree,Rhamnus alaternus :: Italian Buckthorn
112538,Tree,Rhamnus alaternus :: Italian Buckthorn
108584,Tree,Lophostemon confertus :: Brisbane Box
112539,Tree,Rhamnus alaternus :: Italian Buckthorn
112530,Tree,Rhamnus alaternus :: Italian Buckthorn
112542,Tree,Rhamnus alaternus :: Italian Buckthorn
235428,Tree,Platanus x hispanica :: Sycamore: London Plane
108819,Tree,Lyonothamnus floribundus subsp. asplenifolius :: Santa Cruz Ironwood
109157,Tree,Prunus serrulata :: Ornamental Cherry
109156,Tree,Prunus serrulata :: Ornamental Cherry
231175,Tree,Lyonothamnus floribundus subsp. asplenifolius :: Santa Cruz Ironwood
109155,Tree,Prunus serrulata :: Ornamental Cherry
244349,Tree,Shrub :: Shrub
234575,Tree,Platanus x hispanica :: Sycamore: London Plane
91236,Tree,Acacia stenophylla :: Shoestring Acacia
2266,Tree,Pinus canariensis :: Canary Island Pine
25029,Tree,Phoenix spp :: Date palm (species unknown)
4635,Tree,Liquidambar styraciflua :: American Sweet Gum
4666,Tree,Liquidambar styraciflua :: American Sweet Gum
5446,Tree,Phoenix canariensis :: Canary Island Date Palm
25501,Tree,Phoenix canariensis :: Canary Island Date Palm
25503,Tree,Phoenix canariensis :: Canary Island Date Palm
25502,Tree,Phoenix canariensis :: Canary Island Date Palm
25504,Tree,Phoenix canariensis :: Canary Island Date Palm
25507,Tree,Phoenix canariensis :: Canary Island Date Palm
25505,Tree,Phoenix canariensis :: Canary Island Date Palm
25506,Tree,Phoenix canariensis :: Canary Island Date Palm
24340,Tree,Phoenix canariensis :: Canary Island Date Palm
24337,Tree,Phoenix canariensis :: Canary Island Date Palm
24339,Tree,Phoenix canariensis :: Canary Island Date Palm
24338,Tree,Phoenix canariensis :: Canary Island Date Palm
25515,Tree,Phoenix canariensis :: Canary Island Date Palm
25519,Tree,Phoenix canariensis :: Canary Island Date Palm
25514,Tree,Phoenix canariensis :: Canary Island Date Palm
25518,Tree,Phoenix canariensis :: Canary Island Date Palm
25517,Tree,Phoenix canariensis :: Canary Island Date Palm
25516,Tree,Phoenix canariensis :: Canary Island Date Palm
25520,Tree,Phoenix canariensis :: Canary Island Date Palm
25521,Tree,Phoenix canariensis :: Canary Island Date Palm
25523,Tree,Phoenix canariensis :: Canary Island Date Palm
25525,Tree,Phoenix canariensis :: Canary Island Date Palm
25524,Tree,Phoenix canariensis :: Canary Island Date Palm
25522,Tree,Phoenix canariensis :: Canary Island Date Palm
25532,Tree,Phoenix canariensis :: Canary Island Date Palm
25527,Tree,Phoenix canariensis :: Canary Island Date Palm
25531,Tree,Phoenix canariensis :: Canary Island Date Palm
25528,Tree,Phoenix canariensis :: Canary Island Date Palm
25534,Tree,Phoenix canariensis :: Canary Island Date Palm
25526,Tree,Phoenix canariensis :: Canary Island Date Palm
25533,Tree,Phoenix canariensis :: Canary Island Date Palm
25530,Tree,Phoenix canariensis :: Canary Island Date Palm
25529,Tree,Phoenix canariensis :: Canary Island Date Palm
24961,Tree,Phoenix canariensis :: Canary Island Date Palm
26535,Tree,Phoenix canariensis :: Canary Island Date Palm
25536,Tree,Phoenix canariensis :: Canary Island Date Palm
25538,Tree,Phoenix canariensis :: Canary Island Date Palm
25539,Tree,Phoenix canariensis :: Canary Island Date Palm
25540,Tree,Phoenix canariensis :: Canary Island Date Palm
25535,Tree,Phoenix canariensis :: Canary Island Date Palm
25537,Tree,Phoenix canariensis :: Canary Island Date Palm
27480,Tree,Phoenix canariensis :: Canary Island Date Palm
24997,Tree,Phoenix canariensis :: Canary Island Date Palm
25028,Tree,Phoenix canariensis :: Canary Island Date Palm
26536,Tree,Phoenix canariensis :: Canary Island Date Palm
27481,Tree,Phoenix canariensis :: Canary Island Date Palm
26537,Tree,Phoenix canariensis :: Canary Island Date Palm
16287,Tree,Palm (unknown Genus) :: Palm Spp
104834,Tree,Tristaniopsis laurina :: Swamp Myrtle
9266,Tree,Pittosporum undulatum :: Victorian Box
9275,Tree,Pittosporum undulatum :: Victorian Box
16103,Tree,Pyrus calleryana :: Ornamental Pear
16341,Tree,Pyrus calleryana :: Ornamental Pear
16339,Tree,Pyrus calleryana :: Ornamental Pear
9256,Tree,Pittosporum undulatum :: Victorian Box
9013,Tree,Corymbia ficifolia :: Red Flowering Gum
9257,Tree,Corymbia ficifolia :: Red Flowering Gum
122682,Tree,Tree(s) ::
23333,Tree,Quercus suber :: Cork Oak
23332,Tree,Quercus suber :: Cork Oak
23354,Tree,Quercus suber :: Cork Oak
23355,Tree,Quercus suber :: Cork Oak
23581,Tree,Quercus suber :: Cork Oak
23582,Tree,Quercus suber :: Cork Oak
29655,Tree,Quercus suber :: Cork Oak
29643,Tree,Quercus suber :: Cork Oak
29653,Tree,Quercus suber :: Cork Oak
29644,Tree,Quercus suber :: Cork Oak
29654,Tree,Quercus suber :: Cork Oak
13298,Tree,Myoporum laetum :: Myoporum
13300,Tree,Myoporum laetum :: Myoporum
13299,Tree,Myoporum laetum :: Myoporum
11752,Tree,Ulmus pumila :: Siberian Elm
30071,Tree,Pinus radiata :: Monterey Pine
30072,Tree,Pinus radiata :: Monterey Pine
2286,Tree,Pinus radiata :: Monterey Pine
2288,Tree,Pinus radiata :: Monterey Pine
11674,Tree,Pinus radiata :: Monterey Pine
109628,Tree,Pinus radiata :: Monterey Pine
97225,Tree,Ulmus parvifolia :: Chinese Elm
16331,Tree,Pyrus kawakamii :: Evergreen Pear
26760,Tree,Pyrus kawakamii :: Evergreen Pear
16161,Tree,Pyrus kawakamii :: Evergreen Pear
447,Tree,Melaleuca quinquenervia :: Cajeput
461,Tree,Melaleuca quinquenervia :: Cajeput
16018,Tree,Pyrus calleryana :: Ornamental Pear
16009,Tree,Pyrus calleryana :: Ornamental Pear
16012,Tree,Pyrus calleryana :: Ornamental Pear
16115,Tree,Pyrus calleryana :: Ornamental Pear
16114,Tree,Pyrus calleryana :: Ornamental Pear
16113,Tree,Pyrus calleryana :: Ornamental Pear
16108,Tree,Pyrus calleryana :: Ornamental Pear
16337,Tree,Pyrus calleryana :: Ornamental Pear
16336,Tree,Pyrus calleryana :: Ornamental Pear
16334,Tree,Pyrus calleryana :: Ornamental Pear
16338,Tree,Pyrus calleryana :: Ornamental Pear
16333,Tree,Pyrus calleryana :: Ornamental Pear
16335,Tree,Pyrus calleryana :: Ornamental Pear
16332,Tree,Pyrus calleryana :: Ornamental Pear
16345,Tree,Pyrus calleryana :: Ornamental Pear
16349,Tree,Pyrus calleryana :: Ornamental Pear
26915,Tree,Quercus agrifolia :: Coast Live Oak
29652,Tree,Quercus agrifolia :: Coast Live Oak
29651,Tree,Quercus agrifolia :: Coast Live Oak
96227,Tree,Quercus agrifolia :: Coast Live Oak
96226,Tree,Quercus agrifolia :: Coast Live Oak
11660,Tree,Syzygium paniculatum :: Brush Cherry
11707,Tree,Syzygium paniculatum :: Brush Cherry
29642,Tree,Cercis occidentalis :: Western Redbud
16696,Tree,Lophostemon confertus :: Brisbane Box
16695,Tree,Lophostemon confertus :: Brisbane Box
16694,Tree,Lophostemon confertus :: Brisbane Box
16699,Tree,Lophostemon confertus :: Brisbane Box
16691,Tree,Lophostemon confertus :: Brisbane Box
9274,Tree,Pittosporum crassifolium :: Karo Tree
28648,Tree,Prunus serrulata :: Ornamental Cherry
28644,Tree,Prunus serrulata :: Ornamental Cherry
28640,Tree,Prunus serrulata :: Ornamental Cherry
104785,Tree,Tristaniopsis laurina :: Swamp Myrtle
98709,Tree,Tristaniopsis laurina :: Swamp Myrtle
15907,Tree,Tristaniopsis laurina :: Swamp Myrtle
15908,Tree,Tristaniopsis laurina :: Swamp Myrtle
15906,Tree,Tristaniopsis laurina :: Swamp Myrtle
11709,Tree,Acacia melanoxylon :: Blackwood Acacia
97226,Tree,Acacia melanoxylon :: Blackwood Acacia
97223,Tree,Acacia melanoxylon :: Blackwood Acacia
29645,Tree,Pistacia chinensis :: Chinese Pistache
29646,Tree,Pistacia chinensis :: Chinese Pistache
29650,Tree,Pistacia chinensis :: Chinese Pistache
29648,Tree,Pistacia chinensis :: Chinese Pistache
29647,Tree,Pistacia chinensis :: Chinese Pistache
29649,Tree,Pistacia chinensis :: Chinese Pistache
91237,Tree,Acacia stenophylla :: Shoestring Acacia
91251,Tree,Acacia stenophylla :: Shoestring Acacia
91252,Tree,Acacia stenophylla :: Shoestring Acacia
91254,Tree,Acacia stenophylla :: Shoestring Acacia
91256,Tree,Acacia stenophylla :: Shoestring Acacia
91255,Tree,Acacia stenophylla :: Shoestring Acacia
91258,Tree,Acacia stenophylla :: Shoestring Acacia
91259,Tree,Acacia stenophylla :: Shoestring Acacia
91263,Tree,Acacia stenophylla :: Shoestring Acacia
91264,Tree,Acacia stenophylla :: Shoestring Acacia
91265,Tree,Acacia stenophylla :: Shoestring Acacia
91266,Tree,Acacia stenophylla :: Shoestring Acacia
16693,Tree,Corymbia ficifolia :: Red Flowering Gum
16692,Tree,Corymbia ficifolia :: Red Flowering Gum
16690,Tree,Corymbia ficifolia :: Red Flowering Gum
19423,Tree,Corymbia ficifolia :: Red Flowering Gum
19428,Tree,Corymbia ficifolia :: Red Flowering Gum
19460,Tree,Corymbia ficifolia :: Red Flowering Gum
11683,Tree,Corymbia ficifolia :: Red Flowering Gum
11681,Tree,Corymbia ficifolia :: Red Flowering Gum
11672,Tree,Corymbia ficifolia :: Red Flowering Gum
11776,Tree,Corymbia ficifolia :: Red Flowering Gum
11778,Tree,Corymbia ficifolia :: Red Flowering Gum
11782,Tree,Corymbia ficifolia :: Red Flowering Gum
11768,Tree,Corymbia ficifolia :: Red Flowering Gum
11764,Tree,Corymbia ficifolia :: Red Flowering Gum
30038,Tree,Corymbia ficifolia :: Red Flowering Gum
11831,Tree,Corymbia ficifolia :: Red Flowering Gum
11830,Tree,Corymbia ficifolia :: Red Flowering Gum
8537,Tree,Pinus canariensis :: Canary Island Pine
4968,Tree,Pinus canariensis :: Canary Island Pine
4966,Tree,Pinus canariensis :: Canary Island Pine
4970,Tree,Pinus canariensis :: Canary Island Pine
21456,Tree,Cupressus macrocarpa :: Monterey Cypress
2289,Tree,Cupressus macrocarpa :: Monterey Cypress
2287,Tree,Cupressus macrocarpa :: Monterey Cypress
2290,Tree,Cupressus macrocarpa :: Monterey Cypress
11703,Tree,Cupressus macrocarpa :: Monterey Cypress
11748,Tree,Cupressus macrocarpa :: Monterey Cypress
11746,Tree,Cupressus macrocarpa :: Monterey Cypress
22878,Tree,Cupressus macrocarpa :: Monterey Cypress
1820,Tree,Washingtonia robusta :: Mexican Fan Palm
12922,Tree,Acacia decurrens :: Acacia: Silver Wattle
12924,Tree,Acacia decurrens :: Acacia: Silver Wattle
16343,Tree,Callistemon citrinus :: Lemon Bottlebrush
16350,Tree,Callistemon citrinus :: Lemon Bottlebrush
16344,Tree,Callistemon citrinus :: Lemon Bottlebrush
9019,Tree,Callistemon citrinus :: Lemon Bottlebrush
11751,Tree,Arbutus 'Marina' :: Hybrid Strawberry Tree
11750,Tree,Arbutus 'Marina' :: Hybrid Strawberry Tree
11754,Tree,Arbutus 'Marina' :: Hybrid Strawberry Tree
11701,Tree,Arbutus 'Marina' :: Hybrid Strawberry Tree
11705,Tree,Arbutus 'Marina' :: Hybrid Strawberry Tree
11670,Tree,Arbutus 'Marina' :: Hybrid Strawberry Tree
11685,Tree,Arbutus 'Marina' :: Hybrid Strawberry Tree
16346,Tree,Callistemon viminalis :: Weeping Bottlebrush
19415,Tree,Callistemon viminalis :: Weeping Bottlebrush
19416,Tree,Callistemon viminalis :: Weeping Bottlebrush
19417,Tree,Callistemon viminalis :: Weeping Bottlebrush
16311,Tree,Chamaerops humilis :: Mediterranean Fan Palm
18695,Tree,Eucalyptus cinerea :: Ash-colored Eucalyptus
23727,Tree,Liquidambar styraciflua :: American Sweet Gum
23729,Tree,Liquidambar styraciflua :: American Sweet Gum
23787,Tree,Liquidambar styraciflua :: American Sweet Gum
11766,Tree,Liquidambar styraciflua :: American Sweet Gum
11784,Tree,Liquidambar styraciflua :: American Sweet Gum
23922,Tree,Liquidambar styraciflua :: American Sweet Gum
8918,Tree,Metrosideros excelsa :: New Zealand Xmas Tree
455,Tree,Metrosideros excelsa :: New Zealand Xmas Tree
6525,Tree,Platanus x hispanica :: Sycamore: London Plane
6526,Tree,Platanus x hispanica :: Sycamore: London Plane
6607,Tree,Platanus x hispanica :: Sycamore: London Plane
6609,Tree,Platanus x hispanica :: Sycamore: London Plane
6608,Tree,Platanus x hispanica :: Sycamore: London Plane
23487,Tree,Prunus serrulata 'Kwanzan' :: Kwanzan Flowering Cherry
88451,Tree,Prunus serrulata 'Kwanzan' :: Kwanzan Flowering Cherry
1818,Tree,Eucalyptus nicholii :: Nichol's Willow-Leafed Peppermint
16158,Tree,Pyrus calleryana 'Bradford' :: Ornamental Pear: Bradford
16160,Tree,Pyrus calleryana 'Bradford' :: Ornamental Pear: Bradford
29780,Tree,Quercus suber :: Cork Oak
29785,Tree,Quercus suber :: Cork Oak
88452,Tree,Prunus serrulata 'Kwanzan' :: Kwanzan Flowering Cherry
23366,Tree,Quercus suber :: Cork Oak
23390,Tree,Quercus suber :: Cork Oak
23388,Tree,Quercus suber :: Cork Oak
23339,Tree,Quercus suber :: Cork Oak
15901,Tree,Olea europaea :: Olive Tree
15903,Tree,Olea europaea :: Olive Tree
30074,Tree,Pinus radiata :: Monterey Pine
30088,Tree,Pinus radiata :: Monterey Pine
30076,Tree,Pinus radiata :: Monterey Pine
30083,Tree,Pinus radiata :: Monterey Pine
30082,Tree,Pinus radiata :: Monterey Pine
30091,Tree,Pinus radiata :: Monterey Pine
30070,Tree,Pinus radiata :: Monterey Pine
30079,Tree,Pinus radiata :: Monterey Pine
30092,Tree,Pinus radiata :: Monterey Pine
30086,Tree,Pinus radiata :: Monterey Pine
30084,Tree,Pinus radiata :: Monterey Pine
30080,Tree,Pinus radiata :: Monterey Pine
30081,Tree,Pinus radiata :: Monterey Pine
30073,Tree,Pinus radiata :: Monterey Pine
30075,Tree,Pinus radiata :: Monterey Pine
30077,Tree,Pinus radiata :: Monterey Pine
30089,Tree,Pinus radiata :: Monterey Pine
30078,Tree,Pinus radiata :: Monterey Pine
30090,Tree,Pinus radiata :: Monterey Pine
30085,Tree,Pinus radiata :: Monterey Pine
30087,Tree,Pinus radiata :: Monterey Pine
30065,Tree,Pinus radiata :: Monterey Pine
30062,Tree,Pinus radiata :: Monterey Pine
30064,Tree,Pinus radiata :: Monterey Pine
30066,Tree,Pinus radiata :: Monterey Pine
30055,Tree,Pinus radiata :: Monterey Pine
30058,Tree,Pinus radiata :: Monterey Pine
30059,Tree,Pinus radiata :: Monterey Pine
30057,Tree,Pinus radiata :: Monterey Pine
30061,Tree,Pinus radiata :: Monterey Pine
30063,Tree,Pinus radiata :: Monterey Pine
16048,Tree,Pyrus calleryana :: Ornamental Pear
16003,Tree,Pyrus calleryana :: Ornamental Pear
15904,Tree,Tristaniopsis laurina :: Swamp Myrtle
15902,Tree,Tristaniopsis laurina :: Swamp Myrtle
97224,Tree,Acacia melanoxylon :: Blackwood Acacia
23391,Tree,Corymbia ficifolia :: Red Flowering Gum
8348,Tree,Pinus canariensis :: Canary Island Pine
8532,Tree,Pinus canariensis :: Canary Island Pine
8536,Tree,Pinus canariensis :: Canary Island Pine
8395,Tree,Pinus canariensis :: Canary Island Pine
8471,Tree,Pinus canariensis :: Canary Island Pine
8475,Tree,Pinus canariensis :: Canary Island Pine
8534,Tree,Cupressus macrocarpa :: Monterey Cypress
8580,Tree,Cupressus macrocarpa :: Monterey Cypress
8585,Tree,Cupressus macrocarpa :: Monterey Cypress
8396,Tree,Cupressus macrocarpa :: Monterey Cypress
19431,Tree,Cupressus macrocarpa :: Monterey Cypress
1821,Tree,Washingtonia robusta :: Mexican Fan Palm
4715,Tree,Liquidambar styraciflua :: American Sweet Gum
4717,Tree,Liquidambar styraciflua :: American Sweet Gum
24383,Tree,Metrosideros excelsa :: New Zealand Xmas Tree
24379,Tree,Metrosideros excelsa :: New Zealand Xmas Tree
24815,Tree,Metrosideros excelsa :: New Zealand Xmas Tree
24381,Tree,Metrosideros excelsa :: New Zealand Xmas Tree
24384,Tree,Metrosideros excelsa :: New Zealand Xmas Tree
24385,Tree,Metrosideros excelsa :: New Zealand Xmas Tree
24386,Tree,Metrosideros excelsa :: New Zealand Xmas Tree
24387,Tree,Metrosideros excelsa :: New Zealand Xmas Tree
23488,Tree,Prunus serrulata 'Kwanzan' :: Kwanzan Flowering Cherry
23489,Tree,Prunus serrulata 'Kwanzan' :: Kwanzan Flowering Cherry
23340,Tree,Quercus suber :: Cork Oak
4634,Tree,Liquidambar styraciflua :: American Sweet Gum
4669,Tree,Liquidambar styraciflua :: American Sweet Gum
16189,Tree,Pyrus calleryana :: Ornamental Pear
15905,Tree,Tristaniopsis laurina :: Swamp Myrtle
16202,Tree,Trachycarpus fortunei :: Windmill Palm
16201,Tree,Trachycarpus fortunei :: Windmill Palm
16227,Tree,Trachycarpus fortunei :: Windmill Palm
16228,Tree,Trachycarpus fortunei :: Windmill Palm
28414,Tree,Trachycarpus fortunei :: Windmill Palm
16286,Tree,Trachycarpus fortunei :: Windmill Palm
16314,Tree,Trachycarpus fortunei :: Windmill Palm
16312,Tree,Trachycarpus fortunei :: Windmill Palm
16313,Tree,Trachycarpus fortunei :: Windmill Palm
16285,Tree,Trachycarpus fortunei :: Windmill Palm
16284,Tree,Trachycarpus fortunei :: Windmill Palm
8344,Tree,Pinus canariensis :: Canary Island Pine
28413,Tree,Washingtonia robusta :: Mexican Fan Palm
1798,Tree,Washingtonia robusta :: Mexican Fan Palm
1801,Tree,Washingtonia robusta :: Mexican Fan Palm
1802,Tree,Washingtonia robusta :: Mexican Fan Palm
1803,Tree,Washingtonia robusta :: Mexican Fan Palm
1800,Tree,Washingtonia robusta :: Mexican Fan Palm
1810,Tree,Washingtonia robusta :: Mexican Fan Palm
16203,Tree,Chamaerops humilis :: Mediterranean Fan Palm
16215,Tree,Chamaerops humilis :: Mediterranean Fan Palm
16245,Tree,Chamaerops humilis :: Mediterranean Fan Palm
16246,Tree,Chamaerops humilis :: Mediterranean Fan Palm
4667,Tree,Liquidambar styraciflua :: American Sweet Gum
4670,Tree,Liquidambar styraciflua :: American Sweet Gum
16008,Tree,Pyrus calleryana 'Bradford' :: Ornamental Pear: Bradford
4674,Tree,Liquidambar styraciflua :: American Sweet Gum
8339,Tree,Pinus canariensis :: Canary Island Pine
16214,Tree,Washingtonia robusta :: Mexican Fan Palm
16261,Tree,Washingtonia robusta :: Mexican Fan Palm
16263,Tree,Washingtonia robusta :: Mexican Fan Palm
16262,Tree,Washingtonia robusta :: Mexican Fan Palm
16270,Tree,Washingtonia robusta :: Mexican Fan Palm
16269,Tree,Washingtonia robusta :: Mexican Fan Palm
16289,Tree,Washingtonia robusta :: Mexican Fan Palm
16271,Tree,Chamaerops humilis :: Mediterranean Fan Palm
16309,Tree,Chamaerops humilis :: Mediterranean Fan Palm
16310,Tree,Chamaerops humilis :: Mediterranean Fan Palm
25081,Tree,Phoenix dactylifera :: Date Palm
25053,Tree,Washingtonia filifera :: California Fan Palm
26685,Tree,Liquidambar styraciflua :: American Sweet Gum
24378,Tree,Metrosideros excelsa :: New Zealand Xmas Tree
27482,Tree,Phoenix canariensis :: Canary Island Date Palm
8340,Tree,Pinus canariensis :: Canary Island Pine
25499,Tree,Phoenix canariensis :: Canary Island Date Palm
25500,Tree,Phoenix canariensis :: Canary Island Date Palm
25497,Tree,Phoenix canariensis :: Canary Island Date Palm
25496,Tree,Phoenix canariensis :: Canary Island Date Palm
25498,Tree,Phoenix canariensis :: Canary Island Date Palm
2150,Tree,Eucalyptus polyanthemos :: Silver Dollar Eucalyptus
25049,Tree,Washingtonia robusta :: Mexican Fan Palm
24962,Tree,Phoenix canariensis :: Canary Island Date Palm
357,Tree,Tristaniopsis laurina :: Swamp Myrtle
11821,Tree,Arbutus 'Marina' :: Hybrid Strawberry Tree
9375,Tree,Maytenus boaria :: Mayten
18465,Tree,Ficus nitida :: Laurel Fig
17608,Tree,Ulmus parvifolia :: Chinese Elm
14472,Tree,Ginkgo biloba :: Maidenhair Tree
10100,Tree,Prunus cerasifera :: Cherry Plum
1237,Tree,Acer buergeranum :: Trident Maple
25971,Tree,Melaleuca quinquenervia :: Cajeput
225,Tree,Agonis flexuosa :: Peppermint Willow
228,Tree,Agonis flexuosa :: Peppermint Willow
333,Tree,Lophostemon confertus :: Brisbane Box
24355,Tree,Lophostemon confertus :: Brisbane Box
4703,Tree,Lophostemon confertus :: Brisbane Box
15049,Tree,Prunus serrulata :: Ornamental Cherry
347,Tree,Tristaniopsis laurina :: Swamp Myrtle
369,Tree,Acacia melanoxylon :: Blackwood Acacia
9376,Tree,Acacia melanoxylon :: Blackwood Acacia
11230,Tree,Eucalyptus sideroxylon :: Red Ironbark
11231,Tree,Eucalyptus sideroxylon :: Red Ironbark
332,Tree,Corymbia ficifolia :: Red Flowering Gum
331,Tree,Corymbia ficifolia :: Red Flowering Gum
28635,Tree,Washingtonia robusta :: Mexican Fan Palm
28634,Tree,Washingtonia robusta :: Mexican Fan Palm
11223,Tree,Arbutus 'Marina' :: Hybrid Strawberry Tree
9345,Tree,Callistemon viminalis :: Weeping Bottlebrush
320,Tree,Metrosideros excelsa :: New Zealand Xmas Tree
289,Tree,Platanus x hispanica :: Sycamore: London Plane
290,Tree,Platanus x hispanica :: Sycamore: London Plane
11225,Tree,Eucalyptus polyanthemos :: Silver Dollar Eucalyptus
11226,Tree,Eucalyptus polyanthemos :: Silver Dollar Eucalyptus
11255,Tree,Eucalyptus polyanthemos :: Silver Dollar Eucalyptus
102508,Tree,Acer rubrum :: Red Maple
102507,Tree,Acer rubrum :: Red Maple
338,Tree,Tristaniopsis laurina :: Swamp Myrtle
102513,Tree,Arbutus 'Marina' :: Hybrid Strawberry Tree
102510,Tree,Arbutus 'Marina' :: Hybrid Strawberry Tree
102509,Tree,Arbutus 'Marina' :: Hybrid Strawberry Tree
102514,Tree,Arbutus 'Marina' :: Hybrid Strawberry Tree
102511,Tree,Arbutus 'Marina' :: Hybrid Strawberry Tree
83989,Tree,Platanus x hispanica 'Yarwood' :: Yarwood Sycamore
10139,Tree,Jacaranda mimosifolia :: Jacaranda
27064,Tree,Lagunaria patersonii :: Primrose Tree
23164,Tree,Lophostemon confertus :: Brisbane Box
10015,Tree,Tristaniopsis laurina :: Swamp Myrtle
29877,Tree,Pittosporum undulatum :: Victorian Box
230413,Tree,Magnolia grandiflora 'Saint Mary' :: Saint Mary Magnolia
355,Tree,Tristaniopsis laurina :: Swamp Myrtle
360,Tree,Tristaniopsis laurina :: Swamp Myrtle
9324,Tree,Tristaniopsis laurina :: Swamp Myrtle
12817,Tree,Ulmus parvifolia 'Drake' :: Drake's Chinese Elm
5394,Tree,Magnolia grandiflora 'Samuel Sommer' :: Samuel Sommer Magnolia
26186,Tree,Ginkgo biloba 'Princeton Sentry' :: Princeton Sentry Maidenhair
9253,Tree,Tristaniopsis laurina 'Elegant' :: Small-leaf Tristania 'Elegant'
1318,Tree,Tree(s) ::
1317,Tree,Tree(s) ::
984,Tree,Tree(s) ::
22801,Tree,Tree(s) ::
26848,Tree,Tree(s) ::
26847,Tree,Tree(s) ::
26849,Tree,Tree(s) ::
29527,Tree,Tristania conferta ::
28680,Tree,Acer rubrum :: Red Maple
1221,Tree,Acer rubrum :: Red Maple
10749,Tree,Quercus suber :: Cork Oak
10760,Tree,Quercus suber :: Cork Oak
10823,Tree,Quercus suber :: Cork Oak
10829,Tree,Quercus suber :: Cork Oak
10824,Tree,Quercus suber :: Cork Oak
10879,Tree,Quercus suber :: Cork Oak
10876,Tree,Quercus suber :: Cork Oak
1243,Tree,Quercus suber :: Cork Oak
10777,Tree,Quercus suber :: Cork Oak
10795,Tree,Quercus suber :: Cork Oak
10820,Tree,Quercus suber :: Cork Oak
10791,Tree,Quercus suber :: Cork Oak
10782,Tree,Quercus suber :: Cork Oak
26705,Tree,Quercus suber :: Cork Oak
12246,Tree,Ficus nitida :: Laurel Fig
12245,Tree,Ficus nitida :: Laurel Fig
4709,Tree,Ficus nitida :: Laurel Fig
18907,Tree,Olea europaea :: Olive Tree
1951,Tree,Olea europaea :: Olive Tree
1957,Tree,Olea europaea :: Olive Tree
1958,Tree,Olea europaea :: Olive Tree
1962,Tree,Olea europaea :: Olive Tree
1980,Tree,Olea europaea :: Olive Tree
1984,Tree,Olea europaea :: Olive Tree
10853,Tree,Quercus coccinea :: Scarlet Oak
10945,Tree,Quercus coccinea :: Scarlet Oak
10957,Tree,Quercus coccinea :: Scarlet Oak
10796,Tree,Quercus coccinea :: Scarlet Oak
17496,Tree,Ulmus parvifolia :: Chinese Elm
7562,Tree,Ulmus parvifolia :: Chinese Elm
27497,Tree,Ginkgo biloba :: Maidenhair Tree
22838,Tree,Ginkgo biloba :: Maidenhair Tree
22839,Tree,Ginkgo biloba :: Maidenhair Tree
5298,Tree,Ginkgo biloba :: Maidenhair Tree
5297,Tree,Ginkgo biloba :: Maidenhair Tree
4044,Tree,Ginkgo biloba :: Maidenhair Tree
4043,Tree,Ginkgo biloba :: Maidenhair Tree
4045,Tree,Ginkgo biloba :: Maidenhair Tree
1389,Tree,Ginkgo biloba :: Maidenhair Tree
1392,Tree,Ginkgo biloba :: Maidenhair Tree
1403,Tree,Ginkgo biloba :: Maidenhair Tree
1409,Tree,Ginkgo biloba :: Maidenhair Tree
1412,Tree,Ginkgo biloba :: Maidenhair Tree
4902,Tree,Ginkgo biloba :: Maidenhair Tree
10729,Tree,Ginkgo biloba :: Maidenhair Tree
5220,Tree,Ginkgo biloba :: Maidenhair Tree
6466,Tree,Ginkgo biloba :: Maidenhair Tree
1251,Tree,Acer buergeranum :: Trident Maple
24914,Tree,Acer x freemanii :: Freeman Maple
9652,Tree,Ficus retusa nitida :: Banyan Fig
22817,Tree,Pyrus kawakamii :: Evergreen Pear
18634,Tree,Pyrus kawakamii :: Evergreen Pear
18638,Tree,Pyrus kawakamii :: Evergreen Pear
18637,Tree,Pyrus kawakamii :: Evergreen Pear
18641,Tree,Pyrus kawakamii :: Evergreen Pear
18649,Tree,Pyrus kawakamii :: Evergreen Pear
18650,Tree,Pyrus kawakamii :: Evergreen Pear
18655,Tree,Pyrus kawakamii :: Evergreen Pear
24186,Tree,Pyrus kawakamii :: Evergreen Pear
4356,Tree,Pyrus kawakamii :: Evergreen Pear
6785,Tree,Hymenosporum flavum :: Sweet Shade
24293,Tree,Jacaranda mimosifolia :: Jacaranda
9317,Tree,Ligustrum lucidum :: Glossy Privet
27506,Tree,Melaleuca quinquenervia :: Cajeput
25975,Tree,Melaleuca quinquenervia :: Cajeput
25964,Tree,Melaleuca quinquenervia :: Cajeput
25965,Tree,Melaleuca quinquenervia :: Cajeput
1974,Tree,Melaleuca quinquenervia :: Cajeput
1975,Tree,Melaleuca quinquenervia :: Cajeput
1990,Tree,Melaleuca quinquenervia :: Cajeput
1377,Tree,Acacia baileyana :: Bailey's Acacia
28134,Tree,Acacia baileyana :: Bailey's Acacia
26418,Tree,Eriobotrya deflexa :: Bronze Loquat
25549,Tree,Eriobotrya deflexa :: Bronze Loquat
25548,Tree,Eriobotrya deflexa :: Bronze Loquat
25547,Tree,Eriobotrya deflexa :: Bronze Loquat
11922,Tree,Eriobotrya deflexa :: Bronze Loquat
15051,Tree,Eriobotrya deflexa :: Bronze Loquat
28089,Tree,Quercus agrifolia :: Coast Live Oak
5454,Tree,Prunus x yedoensis :: Yoshino Cherry
5516,Tree,Prunus x yedoensis :: Yoshino Cherry
10827,Tree,Ulmus 'Prospector' :: Prospector Elm
10828,Tree,Ulmus 'Prospector' :: Prospector Elm
10860,Tree,Ulmus 'Prospector' :: Prospector Elm
10858,Tree,Ulmus 'Prospector' :: Prospector Elm
27182,Tree,Lagunaria patersonii :: Primrose Tree
27179,Tree,Lagunaria patersonii :: Primrose Tree
27089,Tree,Lagunaria patersonii :: Primrose Tree
27083,Tree,Lagunaria patersonii :: Primrose Tree
25763,Tree,Lagunaria patersonii :: Primrose Tree
327,Tree,Lophostemon confertus :: Brisbane Box
330,Tree,Lophostemon confertus :: Brisbane Box
334,Tree,Lophostemon confertus :: Brisbane Box
348,Tree,Lophostemon confertus :: Brisbane Box
336,Tree,Lophostemon confertus :: Brisbane Box
350,Tree,Lophostemon confertus :: Brisbane Box
365,Tree,Lophostemon confertus :: Brisbane Box
364,Tree,Lophostemon confertus :: Brisbane Box
12806,Tree,Lophostemon confertus :: Brisbane Box
477,Tree,Lophostemon confertus :: Brisbane Box
1316,Tree,Lophostemon confertus :: Brisbane Box
322,Tree,Lophostemon confertus :: Brisbane Box
21890,Tree,Lophostemon confertus :: Brisbane Box
21903,Tree,Lophostemon confertus :: Brisbane Box
109853,Tree,Lophostemon confertus :: Brisbane Box
21902,Tree,Lophostemon confertus :: Brisbane Box
21918,Tree,Lophostemon confertus :: Brisbane Box
414,Tree,Lophostemon confertus :: Brisbane Box
29528,Tree,Lophostemon confertus :: Brisbane Box
418,Tree,Lophostemon confertus :: Brisbane Box
29442,Tree,Lophostemon confertus :: Brisbane Box
11643,Tree,Lophostemon confertus :: Brisbane Box
21913,Tree,Lophostemon confertus :: Brisbane Box
10541,Tree,Lophostemon confertus :: Brisbane Box
10530,Tree,Lophostemon confertus :: Brisbane Box
10528,Tree,Lophostemon confertus :: Brisbane Box
10250,Tree,Lophostemon confertus :: Brisbane Box
10564,Tree,Lophostemon confertus :: Brisbane Box
10565,Tree,Lophostemon confertus :: Brisbane Box
10356,Tree,Lophostemon confertus :: Brisbane Box
10357,Tree,Lophostemon confertus :: Brisbane Box
11370,Tree,Lophostemon confertus :: Brisbane Box
11397,Tree,Lophostemon confertus :: Brisbane Box
11409,Tree,Lophostemon confertus :: Brisbane Box
24019,Tree,Lophostemon confertus :: Brisbane Box
11377,Tree,Lophostemon confertus :: Brisbane Box
24021,Tree,Lophostemon confertus :: Brisbane Box
24025,Tree,Lophostemon confertus :: Brisbane Box
3867,Tree,Lophostemon confertus :: Brisbane Box
24027,Tree,Lophostemon confertus :: Brisbane Box
24029,Tree,Lophostemon confertus :: Brisbane Box
24042,Tree,Lophostemon confertus :: Brisbane Box
24044,Tree,Lophostemon confertus :: Brisbane Box
24048,Tree,Lophostemon confertus :: Brisbane Box
24049,Tree,Lophostemon confertus :: Brisbane Box
24054,Tree,Lophostemon confertus :: Brisbane Box
24055,Tree,Lophostemon confertus :: Brisbane Box
11236,Tree,Lophostemon confertus :: Brisbane Box
11233,Tree,Lophostemon confertus :: Brisbane Box
11251,Tree,Lophostemon confertus :: Brisbane Box
18086,Tree,Lophostemon confertus :: Brisbane Box
11072,Tree,Lophostemon confertus :: Brisbane Box
4690,Tree,Lophostemon confertus :: Brisbane Box
81836,Tree,Lophostemon confertus :: Brisbane Box
16224,Tree,Lophostemon confertus :: Brisbane Box
21973,Tree,Lophostemon confertus :: Brisbane Box
12829,Tree,Lophostemon confertus :: Brisbane Box
23476,Tree,Lophostemon confertus :: Brisbane Box
16848,Tree,Lophostemon confertus :: Brisbane Box
4707,Tree,Lophostemon confertus :: Brisbane Box
4708,Tree,Lophostemon confertus :: Brisbane Box
1817,Tree,Lophostemon confertus :: Brisbane Box
13149,Tree,Lophostemon confertus :: Brisbane Box
12653,Tree,Lophostemon confertus :: Brisbane Box
24952,Tree,Lophostemon confertus :: Brisbane Box
24951,Tree,Lophostemon confertus :: Brisbane Box
1891,Tree,Rhaphiolepis indica :: India Hawthorn
1897,Tree,Rhaphiolepis indica :: India Hawthorn
329,Tree,Tristaniopsis laurina :: Swamp Myrtle
343,Tree,Tristaniopsis laurina :: Swamp Myrtle
342,Tree,Tristaniopsis laurina :: Swamp Myrtle
351,Tree,Tristaniopsis laurina :: Swamp Myrtle
346,Tree,Tristaniopsis laurina :: Swamp Myrtle
352,Tree,Tristaniopsis laurina :: Swamp Myrtle
368,Tree,Tristaniopsis laurina :: Swamp Myrtle
389,Tree,Tristaniopsis laurina :: Swamp Myrtle
385,Tree,Tristaniopsis laurina :: Swamp Myrtle
27533,Tree,Tristaniopsis laurina :: Swamp Myrtle
388,Tree,Tristaniopsis laurina :: Swamp Myrtle
387,Tree,Tristaniopsis laurina :: Swamp Myrtle
383,Tree,Tristaniopsis laurina :: Swamp Myrtle
384,Tree,Tristaniopsis laurina :: Swamp Myrtle
24663,Tree,Tristaniopsis laurina :: Swamp Myrtle
344,Tree,Tristaniopsis laurina :: Swamp Myrtle
9995,Tree,Tristaniopsis laurina :: Swamp Myrtle
8935,Tree,Tristaniopsis laurina :: Swamp Myrtle
26324,Tree,Tristaniopsis laurina :: Swamp Myrtle
9254,Tree,Tristaniopsis laurina :: Swamp Myrtle
9251,Tree,Tristaniopsis laurina :: Swamp Myrtle
9992,Tree,Tristaniopsis laurina :: Swamp Myrtle
26323,Tree,Tristaniopsis laurina :: Swamp Myrtle
10144,Tree,Tristaniopsis laurina :: Swamp Myrtle
10189,Tree,Tristaniopsis laurina :: Swamp Myrtle
10002,Tree,Tristaniopsis laurina :: Swamp Myrtle
10317,Tree,Tristaniopsis laurina :: Swamp Myrtle
10938,Tree,Tristaniopsis laurina :: Swamp Myrtle
10816,Tree,Tristaniopsis laurina :: Swamp Myrtle
10869,Tree,Tristaniopsis laurina :: Swamp Myrtle
10923,Tree,Tristaniopsis laurina :: Swamp Myrtle
10947,Tree,Tristaniopsis laurina :: Swamp Myrtle
10773,Tree,Tristaniopsis laurina :: Swamp Myrtle
10870,Tree,Tristaniopsis laurina :: Swamp Myrtle
10787,Tree,Tristaniopsis laurina :: Swamp Myrtle
24548,Tree,Tristaniopsis laurina :: Swamp Myrtle
16850,Tree,Tristaniopsis laurina :: Swamp Myrtle
10349,Tree,Tristaniopsis laurina :: Swamp Myrtle
15954,Tree,Tristaniopsis laurina :: Swamp Myrtle
15708,Tree,Tristaniopsis laurina :: Swamp Myrtle
9940,Tree,Tristaniopsis laurina :: Swamp Myrtle
12724,Tree,Tristaniopsis laurina :: Swamp Myrtle
8987,Tree,Tristaniopsis laurina :: Swamp Myrtle
335,Tree,Tristaniopsis laurina :: Swamp Myrtle
5601,Tree,Acacia melanoxylon :: Blackwood Acacia
11448,Tree,Pittosporum undulatum :: Victorian Box
437,Tree,Pittosporum undulatum :: Victorian Box
25599,Tree,Pittosporum undulatum :: Victorian Box
9325,Tree,Pittosporum undulatum :: Victorian Box
86810,Tree,Pittosporum undulatum :: Victorian Box
86809,Tree,Pittosporum undulatum :: Victorian Box
4929,Tree,Pittosporum undulatum :: Victorian Box
4930,Tree,Pittosporum undulatum :: Victorian Box
4937,Tree,Pittosporum undulatum :: Victorian Box
4938,Tree,Pittosporum undulatum :: Victorian Box
4939,Tree,Pittosporum undulatum :: Victorian Box
4947,Tree,Pittosporum undulatum :: Victorian Box
3838,Tree,Pittosporum undulatum :: Victorian Box
3784,Tree,Corymbia ficifolia :: Red Flowering Gum
750,Tree,Cupressus macrocarpa :: Monterey Cypress
20803,Tree,Cupressus macrocarpa :: Monterey Cypress
20881,Tree,Cupressus macrocarpa :: Monterey Cypress
28626,Tree,Washingtonia robusta :: Mexican Fan Palm
5610,Tree,Magnolia grandiflora :: Southern Magnolia
5414,Tree,Magnolia grandiflora :: Southern Magnolia
13060,Tree,Magnolia grandiflora :: Southern Magnolia
3931,Tree,Magnolia grandiflora :: Southern Magnolia
3930,Tree,Magnolia grandiflora :: Southern Magnolia
3934,Tree,Magnolia grandiflora :: Southern Magnolia
3932,Tree,Magnolia grandiflora :: Southern Magnolia
3933,Tree,Magnolia grandiflora :: Southern Magnolia
9996,Tree,Magnolia grandiflora :: Southern Magnolia
1398,Tree,Magnolia grandiflora :: Southern Magnolia
1399,Tree,Magnolia grandiflora :: Southern Magnolia
1405,Tree,Magnolia grandiflora :: Southern Magnolia
4906,Tree,Magnolia grandiflora :: Southern Magnolia
10341,Tree,Magnolia grandiflora :: Southern Magnolia
10840,Tree,Magnolia grandiflora :: Southern Magnolia
10841,Tree,Magnolia grandiflora :: Southern Magnolia
13364,Tree,Magnolia grandiflora :: Southern Magnolia
5565,Tree,Magnolia grandiflora :: Southern Magnolia
10318,Tree,Magnolia grandiflora :: Southern Magnolia
5330,Tree,Magnolia grandiflora :: Southern Magnolia
5522,Tree,Magnolia grandiflora :: Southern Magnolia
5519,Tree,Magnolia grandiflora :: Southern Magnolia
5525,Tree,Magnolia grandiflora :: Southern Magnolia
5337,Tree,Magnolia grandiflora :: Southern Magnolia
5663,Tree,Magnolia grandiflora :: Southern Magnolia
28382,Tree,Arbutus 'Marina' :: Hybrid Strawberry Tree
25757,Tree,Arbutus 'Marina' :: Hybrid Strawberry Tree
27347,Tree,Arbutus 'Marina' :: Hybrid Strawberry Tree
11734,Tree,Arbutus 'Marina' :: Hybrid Strawberry Tree
27178,Tree,Arbutus 'Marina' :: Hybrid Strawberry Tree
27055,Tree,Arbutus 'Marina' :: Hybrid Strawberry Tree
11622,Tree,Arbutus 'Marina' :: Hybrid Strawberry Tree
11612,Tree,Arbutus 'Marina' :: Hybrid Strawberry Tree
11623,Tree,Arbutus 'Marina' :: Hybrid Strawberry Tree
28108,Tree,Arbutus 'Marina' :: Hybrid Strawberry Tree
11618,Tree,Arbutus 'Marina' :: Hybrid Strawberry Tree
28066,Tree,Arbutus 'Marina' :: Hybrid Strawberry Tree
11645,Tree,Arbutus 'Marina' :: Hybrid Strawberry Tree
11665,Tree,Arbutus 'Marina' :: Hybrid Strawberry Tree
11664,Tree,Arbutus 'Marina' :: Hybrid Strawberry Tree
11744,Tree,Arbutus 'Marina' :: Hybrid Strawberry Tree
11729,Tree,Arbutus 'Marina' :: Hybrid Strawberry Tree
11742,Tree,Arbutus 'Marina' :: Hybrid Strawberry Tree
11738,Tree,Arbutus 'Marina' :: Hybrid Strawberry Tree
11728,Tree,Arbutus 'Marina' :: Hybrid Strawberry Tree
18801,Tree,Arbutus 'Marina' :: Hybrid Strawberry Tree
11211,Tree,Arbutus 'Marina' :: Hybrid Strawberry Tree
11210,Tree,Arbutus 'Marina' :: Hybrid Strawberry Tree
11207,Tree,Arbutus 'Marina' :: Hybrid Strawberry Tree
11224,Tree,Arbutus 'Marina' :: Hybrid Strawberry Tree
18868,Tree,Arbutus 'Marina' :: Hybrid Strawberry Tree
11212,Tree,Arbutus 'Marina' :: Hybrid Strawberry Tree
11733,Tree,Arbutus 'Marina' :: Hybrid Strawberry Tree
26136,Tree,Arbutus 'Marina' :: Hybrid Strawberry Tree
26137,Tree,Arbutus 'Marina' :: Hybrid Strawberry Tree
26135,Tree,Arbutus 'Marina' :: Hybrid Strawberry Tree
2162,Tree,Arbutus 'Marina' :: Hybrid Strawberry Tree
11217,Tree,Eucalyptus rudis :: Swamp Gum: Flooded Gum
11216,Tree,Eucalyptus rudis :: Swamp Gum: Flooded Gum
14507,Tree,Fraxinus oxycarpa 'Raywood' :: Raywood Ash
14508,Tree,Fraxinus oxycarpa 'Raywood' :: Raywood Ash
1393,Tree,Ginkgo biloba 'Fairmont' :: Fairmont Ginkgo
1406,Tree,Ginkgo biloba 'Fairmont' :: Fairmont Ginkgo
27146,Tree,Callistemon viminalis :: Weeping Bottlebrush
10852,Tree,Callistemon viminalis :: Weeping Bottlebrush
1410,Tree,Ginkgo biloba 'Saratoga' :: Ginkgo: Saratoga
1411,Tree,Ginkgo biloba 'Saratoga' :: Ginkgo: Saratoga
24767,Tree,Metrosideros excelsa :: New Zealand Xmas Tree
21191,Tree,Metrosideros excelsa :: New Zealand Xmas Tree
21190,Tree,Metrosideros excelsa :: New Zealand Xmas Tree
20612,Tree,Metrosideros excelsa :: New Zealand Xmas Tree
25343,Tree,Metrosideros excelsa :: New Zealand Xmas Tree
25344,Tree,Metrosideros excelsa :: New Zealand Xmas Tree
20709,Tree,Metrosideros excelsa :: New Zealand Xmas Tree
25346,Tree,Metrosideros excelsa :: New Zealand Xmas Tree
25345,Tree,Metrosideros excelsa :: New Zealand Xmas Tree
20770,Tree,Metrosideros excelsa :: New Zealand Xmas Tree
20792,Tree,Metrosideros excelsa :: New Zealand Xmas Tree
20794,Tree,Metrosideros excelsa :: New Zealand Xmas Tree
20788,Tree,Metrosideros excelsa :: New Zealand Xmas Tree
26810,Tree,Metrosideros excelsa :: New Zealand Xmas Tree
21064,Tree,Metrosideros excelsa :: New Zealand Xmas Tree
21127,Tree,Metrosideros excelsa :: New Zealand Xmas Tree
21159,Tree,Metrosideros excelsa :: New Zealand Xmas Tree
21262,Tree,Metrosideros excelsa :: New Zealand Xmas Tree
21373,Tree,Metrosideros excelsa :: New Zealand Xmas Tree
25341,Tree,Metrosideros excelsa :: New Zealand Xmas Tree
8906,Tree,Metrosideros excelsa :: New Zealand Xmas Tree
5023,Tree,Metrosideros excelsa :: New Zealand Xmas Tree
5021,Tree,Metrosideros excelsa :: New Zealand Xmas Tree
11891,Tree,Metrosideros excelsa :: New Zealand Xmas Tree
24796,Tree,Metrosideros excelsa :: New Zealand Xmas Tree
10924,Tree,Metrosideros excelsa :: New Zealand Xmas Tree
10943,Tree,Metrosideros excelsa :: New Zealand Xmas Tree
1253,Tree,Metrosideros excelsa :: New Zealand Xmas Tree
27073,Tree,Metrosideros excelsa :: New Zealand Xmas Tree
9303,Tree,Metrosideros excelsa :: New Zealand Xmas Tree
2160,Tree,Metrosideros excelsa :: New Zealand Xmas Tree
21333,Tree,Metrosideros excelsa :: New Zealand Xmas Tree
708,Tree,Phoenix canariensis :: Canary Island Date Palm
292,Tree,Platanus x hispanica :: Sycamore: London Plane
5752,Tree,Platanus x hispanica :: Sycamore: London Plane
28370,Tree,Platanus x hispanica :: Sycamore: London Plane
8322,Tree,Platanus x hispanica :: Sycamore: London Plane
8321,Tree,Platanus x hispanica :: Sycamore: London Plane
18379,Tree,Magnolia grandiflora 'Russet' :: Russet Magnolia
1397,Tree,Ginkgo biloba 'Autumn Gold' :: Ginkgo: Autumn Gold
97529,Tree,Platanus x hispanica 'Yarwood' :: Yarwood Sycamore
97533,Tree,Platanus x hispanica 'Yarwood' :: Yarwood Sycamore
97531,Tree,Platanus x hispanica 'Yarwood' :: Yarwood Sycamore
97532,Tree,Platanus x hispanica 'Yarwood' :: Yarwood Sycamore
97530,Tree,Platanus x hispanica 'Yarwood' :: Yarwood Sycamore
6395,Tree,Eucalyptus polyanthemos :: Silver Dollar Eucalyptus
11256,Tree,Eucalyptus polyanthemos :: Silver Dollar Eucalyptus
1373,Tree,Prunus serrulata 'Kwanzan' :: Kwanzan Flowering Cherry
1375,Tree,Prunus serrulata 'Kwanzan' :: Kwanzan Flowering Cherry
12571,Tree,Prunus serrulata 'Kwanzan' :: Kwanzan Flowering Cherry
10208,Tree,Prunus serrulata 'Kwanzan' :: Kwanzan Flowering Cherry
28246,Tree,Prunus serrulata 'Kwanzan' :: Kwanzan Flowering Cherry
4020,Tree,Prunus serrulata 'Kwanzan' :: Kwanzan Flowering Cherry
10022,Tree,Prunus serrulata 'Kwanzan' :: Kwanzan Flowering Cherry
13059,Tree,Magnolia grandiflora 'Little Gem' :: Little Gem Magnolia
94055,Tree,Magnolia grandiflora 'Little Gem' :: Little Gem Magnolia
94054,Tree,Magnolia grandiflora 'Little Gem' :: Little Gem Magnolia
5393,Tree,Magnolia grandiflora 'Little Gem' :: Little Gem Magnolia
18367,Tree,Magnolia grandiflora 'Saint Mary' :: Saint Mary Magnolia
16928,Tree,Magnolia grandiflora 'Saint Mary' :: Saint Mary Magnolia
24349,Tree,Pyrus calleryana 'Bradford' :: Ornamental Pear: Bradford
5355,Tree,Magnolia grandiflora 'Samuel Sommer' :: Samuel Sommer Magnolia
3904,Tree,Magnolia grandiflora 'Samuel Sommer' :: Samuel Sommer Magnolia
3929,Tree,Magnolia grandiflora 'Samuel Sommer' :: Samuel Sommer Magnolia
21646,Tree,Magnolia grandiflora 'Samuel Sommer' :: Samuel Sommer Magnolia
5356,Tree,Magnolia grandiflora 'Samuel Sommer' :: Samuel Sommer Magnolia
13340,Tree,Magnolia grandiflora 'Samuel Sommer' :: Samuel Sommer Magnolia
9306,Tree,Magnolia grandiflora 'Samuel Sommer' :: Samuel Sommer Magnolia
9308,Tree,Magnolia grandiflora 'Samuel Sommer' :: Samuel Sommer Magnolia
5416,Tree,Magnolia grandiflora 'Samuel Sommer' :: Samuel Sommer Magnolia
19209,Tree,Ginkgo biloba 'Princeton Sentry' :: Princeton Sentry Maidenhair
8934,Tree,Tristaniopsis laurina 'Elegant' :: Small-leaf Tristania 'Elegant'
10095,Tree,Tristaniopsis laurina 'Elegant' :: Small-leaf Tristania 'Elegant'
904,Tree,Tristaniopsis laurina 'Elegant' :: Small-leaf Tristania 'Elegant'
10190,Tree,Tristaniopsis laurina 'Elegant' :: Small-leaf Tristania 'Elegant'
10188,Tree,Tristaniopsis laurina 'Elegant' :: Small-leaf Tristania 'Elegant'
10107,Tree,Tristaniopsis laurina 'Elegant' :: Small-leaf Tristania 'Elegant'
10186,Tree,Tristaniopsis laurina 'Elegant' :: Small-leaf Tristania 'Elegant'
830,Tree,Tristaniopsis laurina 'Elegant' :: Small-leaf Tristania 'Elegant'
4287,Tree,Lyonothamnus floribundus subsp. asplenifolius :: Santa Cruz Ironwood
4285,Tree,Lyonothamnus floribundus subsp. asplenifolius :: Santa Cruz Ironwood
4286,Tree,Lyonothamnus floribundus subsp. asplenifolius :: Santa Cruz Ironwood
25976,Tree,Lyonothamnus floribundus subsp. asplenifolius :: Santa Cruz Ironwood
4080,Tree,Lyonothamnus floribundus subsp. asplenifolius :: Santa Cruz Ironwood
29526,Tree,Tristania conferta ::
98130,Tree,Quercus suber :: Cork Oak
24178,Tree,Pyrus kawakamii :: Evergreen Pear
75081,Tree,Syagrus romanzoffianum :: Queen Palm
29529,Tree,Lophostemon confertus :: Brisbane Box
11375,Tree,Lophostemon confertus :: Brisbane Box
7103,Tree,Lophostemon confertus :: Brisbane Box
6869,Tree,Lophostemon confertus :: Brisbane Box
10919,Tree,Tristaniopsis laurina :: Swamp Myrtle
21764,Tree,Magnolia grandiflora :: Southern Magnolia
4414,Tree,Liquidambar orientalis :: Oriental Sweet Gum
278,Tree,Metrosideros excelsa :: New Zealand Xmas Tree
27311,Tree,Photinia fraseri :: Photinia: Chinese photinia
5534,Tree,Aesculus x carnea 'O'Neill' :: O'Neill Red Horse Chestnut
26974,Tree,Platanus x hispanica 'Columbia' :: Columbia Hybrid Plane Tree
4039,Tree,Ginkgo biloba :: Maidenhair Tree
27166,Tree,Lagerstroemia indica :: Crape Myrtle
24954,Tree,Lophostemon confertus :: Brisbane Box
24953,Tree,Lophostemon confertus :: Brisbane Box
229338,Tree,Magnolia grandiflora :: Southern Magnolia
27310,Tree,Prunus serrulata 'Kwanzan' :: Kwanzan Flowering Cherry
10547,Tree,Tree(s) ::
8324,Tree,Tree(s) ::
22190,Tree,Tristania conferta ::
10849,Tree,Quercus suber :: Cork Oak
10628,Tree,Ficus nitida :: Laurel Fig
949,Tree,Taxus baccata :: Irish Yew
10278,Tree,Olea europaea :: Olive Tree
16098,Tree,Juniperus chinensis :: Juniper
10873,Tree,Quercus coccinea :: Scarlet Oak
28805,Tree,Ginkgo biloba :: Maidenhair Tree
14501,Tree,Ginkgo biloba :: Maidenhair Tree
27496,Tree,Ginkgo biloba :: Maidenhair Tree
28806,Tree,Ginkgo biloba :: Maidenhair Tree
27495,Tree,Ginkgo biloba :: Maidenhair Tree
27494,Tree,Ginkgo biloba :: Maidenhair Tree
19099,Tree,Ginkgo biloba :: Maidenhair Tree
11411,Tree,Prunus cerasifera :: Cherry Plum
28275,Tree,Jacaranda mimosifolia :: Jacaranda
25966,Tree,Melaleuca quinquenervia :: Cajeput
1942,Tree,Melaleuca quinquenervia :: Cajeput
1952,Tree,Melaleuca quinquenervia :: Cajeput
1979,Tree,Melaleuca quinquenervia :: Cajeput
10854,Tree,Melaleuca quinquenervia :: Cajeput
24175,Tree,Melaleuca quinquenervia :: Cajeput
15808,Tree,Melaleuca quinquenervia :: Cajeput
26575,Tree,Ulmus 'Prospector' :: Prospector Elm
10871,Tree,Ulmus 'Prospector' :: Prospector Elm
10865,Tree,Ulmus 'Prospector' :: Prospector Elm
1315,Tree,Lophostemon confertus :: Brisbane Box
29441,Tree,Lophostemon confertus :: Brisbane Box
29464,Tree,Lophostemon confertus :: Brisbane Box
29446,Tree,Lophostemon confertus :: Brisbane Box
16766,Tree,Lophostemon confertus :: Brisbane Box
29444,Tree,Lophostemon confertus :: Brisbane Box
21922,Tree,Lophostemon confertus :: Brisbane Box
10533,Tree,Lophostemon confertus :: Brisbane Box
10534,Tree,Lophostemon confertus :: Brisbane Box
10552,Tree,Lophostemon confertus :: Brisbane Box
10557,Tree,Lophostemon confertus :: Brisbane Box
10560,Tree,Lophostemon confertus :: Brisbane Box
11400,Tree,Lophostemon confertus :: Brisbane Box
11408,Tree,Lophostemon confertus :: Brisbane Box
24033,Tree,Lophostemon confertus :: Brisbane Box
24040,Tree,Lophostemon confertus :: Brisbane Box
24050,Tree,Lophostemon confertus :: Brisbane Box
3806,Tree,Lophostemon confertus :: Brisbane Box
3805,Tree,Lophostemon confertus :: Brisbane Box
906,Tree,Lophostemon confertus :: Brisbane Box
238,Tree,Tristaniopsis laurina :: Swamp Myrtle
287,Tree,Tristaniopsis laurina :: Swamp Myrtle
10939,Tree,Tristaniopsis laurina :: Swamp Myrtle
10958,Tree,Tristaniopsis laurina :: Swamp Myrtle
11644,Tree,Corymbia ficifolia :: Red Flowering Gum
11758,Tree,Corymbia ficifolia :: Red Flowering Gum
29768,Tree,Geijera parviflora :: Australian Willow
9993,Tree,Magnolia doltsopa :: Himalayan Magnolia
5809,Tree,Melaleuca ericifolia :: Heath Melaleuca
27300,Tree,Pinus canariensis :: Canary Island Pine
4896,Tree,Callistemon citrinus :: Lemon Bottlebrush
10875,Tree,Callistemon citrinus :: Lemon Bottlebrush
10885,Tree,Callistemon citrinus :: Lemon Bottlebrush
11386,Tree,Magnolia grandiflora :: Southern Magnolia
28381,Tree,Arbutus 'Marina' :: Hybrid Strawberry Tree
25756,Tree,Arbutus 'Marina' :: Hybrid Strawberry Tree
10216,Tree,Arbutus 'Marina' :: Hybrid Strawberry Tree
86462,Tree,Arbutus 'Marina' :: Hybrid Strawberry Tree
27190,Tree,Callistemon viminalis :: Weeping Bottlebrush
10856,Tree,Callistemon viminalis :: Weeping Bottlebrush
10855,Tree,Callistemon viminalis :: Weeping Bottlebrush
279,Tree,Metrosideros excelsa :: New Zealand Xmas Tree
10765,Tree,Metrosideros excelsa :: New Zealand Xmas Tree
10817,Tree,Metrosideros excelsa :: New Zealand Xmas Tree
10843,Tree,Metrosideros excelsa :: New Zealand Xmas Tree
10837,Tree,Metrosideros excelsa :: New Zealand Xmas Tree
10815,Tree,Metrosideros excelsa :: New Zealand Xmas Tree
10917,Tree,Metrosideros excelsa :: New Zealand Xmas Tree
10956,Tree,Metrosideros excelsa :: New Zealand Xmas Tree
24176,Tree,Metrosideros excelsa :: New Zealand Xmas Tree
13372,Tree,Metrosideros excelsa :: New Zealand Xmas Tree
4887,Tree,Metrosideros excelsa :: New Zealand Xmas Tree
9302,Tree,Metrosideros excelsa :: New Zealand Xmas Tree
2159,Tree,Metrosideros excelsa :: New Zealand Xmas Tree
9364,Tree,Photinia fraseri :: Photinia: Chinese photinia
206,Tree,Platanus x hispanica :: Sycamore: London Plane
4907,Tree,Platanus x hispanica :: Sycamore: London Plane
1986,Tree,Platanus x hispanica :: Sycamore: London Plane
1404,Tree,Ginkgo biloba 'Autumn Gold' :: Ginkgo: Autumn Gold
270,Tree,Platanus x hispanica 'Yarwood' :: Yarwood Sycamore
14623,Tree,Prunus serrulata 'Kwanzan' :: Kwanzan Flowering Cherry
14624,Tree,Prunus serrulata 'Kwanzan' :: Kwanzan Flowering Cherry
11953,Tree,Magnolia grandiflora 'Samuel Sommer' :: Samuel Sommer Magnolia
1378,Tree,Acacia baileyana :: Bailey's Acacia
22995,Tree,Platanus racemosa :: California Sycamore
25761,Tree,Arbutus 'Marina' :: Hybrid Strawberry Tree
27057,Tree,Callistemon viminalis :: Weeping Bottlebrush
5027,Tree,Metrosideros excelsa :: New Zealand Xmas Tree
5028,Tree,Metrosideros excelsa :: New Zealand Xmas Tree
249,Tree,Platanus x hispanica :: Sycamore: London Plane
1227,Tree,Quercus suber :: Cork Oak
10790,Tree,Quercus suber :: Cork Oak
9986,Tree,Dodonaea viscosa :: Hop Bush
14500,Tree,Ginkgo biloba :: Maidenhair Tree
27493,Tree,Ginkgo biloba :: Maidenhair Tree
10140,Tree,Prunus cerasifera :: Cherry Plum
25978,Tree,Prunus cerasifera :: Cherry Plum
10803,Tree,Ulmus 'Prospector' :: Prospector Elm
363,Tree,Lophostemon confertus :: Brisbane Box
362,Tree,Lophostemon confertus :: Brisbane Box
29448,Tree,Lophostemon confertus :: Brisbane Box
29449,Tree,Lophostemon confertus :: Brisbane Box
29450,Tree,Lophostemon confertus :: Brisbane Box
29445,Tree,Lophostemon confertus :: Brisbane Box
29447,Tree,Lophostemon confertus :: Brisbane Box
24956,Tree,Lophostemon confertus :: Brisbane Box
29135,Tree,Lophostemon confertus :: Brisbane Box
5512,Tree,Magnolia grandiflora :: Southern Magnolia
11234,Tree,Arbutus 'Marina' :: Hybrid Strawberry Tree
27079,Tree,Callistemon viminalis :: Weeping Bottlebrush
10811,Tree,Metrosideros excelsa :: New Zealand Xmas Tree
24207,Tree,Metrosideros excelsa :: New Zealand Xmas Tree
26830,Tree,Leptospermum laevigatum :: Australian Tea Tree
9362,Tree,Photinia fraseri :: Photinia: Chinese photinia
413,Tree,Platanus x hispanica :: Sycamore: London Plane
10761,Tree,Eucalyptus polyanthemos :: Silver Dollar Eucalyptus
11249,Tree,Eucalyptus polyanthemos :: Silver Dollar Eucalyptus
11247,Tree,Eucalyptus polyanthemos :: Silver Dollar Eucalyptus
28243,Tree,Prunus serrulata 'Kwanzan' :: Kwanzan Flowering Cherry
12648,Tree,Rhaphiolepis Majestic Beauty :: Indian Hawthorn  'Majestic Beau'
3840,Tree,Lophostemon confertus :: Brisbane Box
9255,Tree,Metrosideros excelsa :: New Zealand Xmas Tree